[{"id":31,"title":"7 Ng\u00e0y B\u00ean Nhau","sotap":6,"thoiluong":"45 ph\u00fat","slug":"7-ngay-ben-nhau","description":"Phim k\u1ec3 v\u1ec1 Jeong Hee-wan (Kim Min-ha), m\u1ed9t c\u00f4 g\u00e1i 24 tu\u1ed5i s\u1ed1ng kh\u00e9p k\u00edn, m\u1ea5t \u0111i \u00fd ch\u00ed s\u1ed1ng sau nhi\u1ec1u bi\u1ebfn c\u1ed1. B\u1ea5t ng\u1edd, Kim Ram-woo (Gong Myung) \u2013 ng\u01b0\u1eddi b\u1ea1n th\u1eddi th\u01a1 \u1ea5u v\u00e0 c\u0169ng l\u00e0 m\u1ed1i t\u00ecnh \u0111\u1ea7u c\u1ee7a c\u00f4, xu\u1ea5t hi\u1ec7n tr\u01b0\u1edbc m\u1eb7t c\u00f4 d\u01b0\u1edbi h\u00ecnh d\u1ea1ng m\u1ed9t th\u1ea7n ch\u1ebft, th\u00f4ng b\u00e1o r\u1eb1ng c\u00f4 ch\u1ec9 c\u00f2n s\u1ed1ng \u0111\u01b0\u1ee3c m\u1ed9t tu\u1ea7n n\u1eefa. Ram-woo, ng\u01b0\u1eddi \u0111\u00e3 qua \u0111\u1eddi 6 n\u0103m tr\u01b0\u1edbc, gi\u1edd \u0111\u00e2y tr\u1edf th\u00e0nh ng\u01b0\u1eddi d\u1eabn d\u1eaft linh h\u1ed3n. Trong tu\u1ea7n cu\u1ed1i c\u00f9ng c\u1ee7a cu\u1ed9c \u0111\u1eddi, h\u1ecd c\u00f9ng nhau th\u1ef1c hi\u1ec7n nh\u1eefng \u0111i\u1ec1u ch\u01b0a k\u1ecbp l\u00e0m, ch\u1eefa l\u00e0nh nh\u1eefng v\u1ebft th\u01b0\u01a1ng c\u0169 v\u00e0 \u0111\u1ed1i m\u1eb7t v\u1edbi nh\u1eefng c\u1ea3m x\u00fac ch\u01b0a t\u1eebng \u0111\u01b0\u1ee3c th\u1ed5 l\u1ed9.","status":1,"image":"noi-dung-lich-chieu-phim-7-ngay-ben-nhau-way-back-love-84.jpg","category_id":5,"thuocphim":"phimbo","genre_id":1,"country_id":7,"phim_hot":1,"name_english":"Way Back Love (2025)","resolution":1,"phude":1,"ngaytao":"2025-04-19 16:38:21","ngaycapnhat":"2025-04-19 16:40:55","year":null,"tags":"T\u00ecnh c\u1ea3m l\u00e3ng m\u1ea1n , Gi\u1ea3 t\u01b0\u1edfng \u2013 Th\u1ea7n ch\u1ebft, T\u00ecnh y\u00eau \u0111\u1ea7u, Ch\u1eefa l\u00e0nh (healing drama), T\u00ecnh b\u1ea1n \u2013 T\u00ecnh y\u00eau, T\u00e1i h\u1ee3p sau chia ly, T\u00ecnh c\u1ea3m gia \u0111\u00ecnh, Phim H\u00e0n Qu\u1ed1c 2025, Phim ng\u1eafn \u2013 6 t\u1eadp, Phim c\u1ea3m \u0111\u1ed9ng \u2013 x\u00fac \u0111\u1ed9ng\u200b","topview":null,"season":"0","trailer":"KC4liJKDnOc","episode_count":0,"category":{"id":5,"title":"Phim M\u1edbi","description":"h\u1ea5p d\u1eabn","status":1,"slug":"phim-moi","position":1},"genre":null,"country":{"id":7,"title":"H\u00e0n Qu\u1ed1c","description":"Phim H\u00e0n Qu\u1ed1c","status":1,"slug":"han-quoc"},"movie_genre":[{"id":2,"title":"Vi\u1ec5n T\u01b0\u1edfng","description":"Phim Vi\u1ec5n T\u01b0\u1edfng","status":1,"slug":"vien-tuong","pivot":{"movie_id":31,"genre_id":2}},{"id":5,"title":"L\u00e3ng M\u1ea1n","description":"de","status":1,"slug":"lang-man","pivot":{"movie_id":31,"genre_id":5}},{"id":6,"title":"T\u00e2m L\u00fd","description":"ok","status":1,"slug":"tam-ly","pivot":{"movie_id":31,"genre_id":6}},{"id":10,"title":"Gia \u0111\u00ecnh - H\u1ecdc \u0111\u01b0\u1eddng","description":"Gia \u0111\u00ecnh - H\u1ecdc \u0111\u01b0\u1eddng","status":1,"slug":"gia-dinh- h\u1ecdc-duong","pivot":{"movie_id":31,"genre_id":10}},{"id":13,"title":"Phi\u00eau L\u01b0u","description":"Phim Phi\u00eau L\u01b0u","status":1,"slug":"phieu-luu","pivot":{"movie_id":31,"genre_id":13}},{"id":17,"title":"T\u00ecnh C\u1ea3m","description":"Phim T\u00ecnh C\u1ea3m","status":1,"slug":"phim-tinh-cam","pivot":{"movie_id":31,"genre_id":17}}]},{"id":30,"title":"N\u01b0\u1edbc m\u1eaft c\u1ee7a H\u1ecfa Th\u1ea7n","sotap":10,"thoiluong":"50 ph\u00fat","slug":"nuoc-mat-cua-hoa-than","description":"B\u1ed9 phim xoay quanh cu\u1ed9c s\u1ed1ng v\u00e0 c\u00f4ng vi\u1ec7c c\u1ee7a b\u1ed1n l\u00ednh c\u1ee9u h\u1ecfa thu\u1ed9c ph\u00e2n \u0111\u1ed9i \u0110\u1ed3ng An, \u0111\u1ed9i ph\u00f2ng ch\u00e1y ch\u1eefa ch\u00e1y th\u00e0nh ph\u1ed1 \u0110\u1ea1i Vi\u00ean. H\u1ecd kh\u00f4ng ch\u1ec9 \u0111\u1ed1i m\u1eb7t v\u1edbi hi\u1ec3m nguy trong c\u00e1c v\u1ee5 ch\u00e1y m\u00e0 c\u00f2n ph\u1ea3i v\u01b0\u1ee3t qua nh\u1eefng \u00e1p l\u1ef1c ngh\u1ec1 nghi\u1ec7p v\u00e0 kh\u00f3 kh\u0103n trong cu\u1ed9c s\u1ed1ng c\u00e1 nh\u00e2n. Phim kh\u1eafc h\u1ecda ch\u00e2n th\u1ef1c nh\u1eefng th\u00e1ch th\u1ee9c m\u00e0 l\u00ednh c\u1ee9u h\u1ecfa ph\u1ea3i \u0111\u1ed1i m\u1eb7t, t\u1eeb c\u00f4ng vi\u1ec7c \u0111\u1ebfn gia \u0111\u00ecnh, ph\u1ea3n \u00e1nh s\u00e2u s\u1eafc v\u1ec1 ngh\u1ec1 nghi\u1ec7p v\u00e0 x\u00e3 h\u1ed9i.","status":1,"image":"tire on fires80.jpg","category_id":5,"thuocphim":"phimbo","genre_id":1,"country_id":6,"phim_hot":1,"name_english":"Tears on Fire","resolution":4,"phude":0,"ngaytao":"2025-04-19 16:20:54","ngaycapnhat":"2025-04-19 16:23:30","year":null,"tags":"T\u00ecnh c\u1ea3m gia \u0111\u00ecnh , T\u00ecnh b\u1ea1n \u2013 t\u00ecnh \u0111\u1ed3ng \u0111\u1ed9i , S\u1ef1 hy sinh th\u1ea7m l\u1eb7ng , C\u1ea3m \u0111\u1ed9ng \u2013 x\u00fac \u0111\u1ed9ng, Bi k\u1ecbch \u0111\u1eddi th\u01b0\u1eddng, Ch\u1eefa l\u00e0nh (healing movie), Ngh\u1ec1 l\u00ednh c\u1ee9u h\u1ecfa, Ngh\u1ec1 nguy hi\u1ec3m, \u00c1p l\u1ef1c c\u00f4ng vi\u1ec7c, Phim ngh\u1ec1 nghi\u1ec7p (workplace drama), \u0110\u1ea5u tranh n\u1ed9i t\u00e2m, V\u0103n h\u00f3a \u0110\u00e0i Loan, \u0110\u1eddi s\u1ed1ng hi\u1ec7n \u0111\u1ea1i, Th\u00e0nh ph\u1ed1 \u2013 \u0111\u00f4 th\u1ecb, C\u00e2u chuy\u1ec7n \u0111\u1eddi th\u01b0\u1eddng, Phim Ch\u00e2u \u00c1 truy\u1ec1n c\u1ea3m","topview":null,"season":"0","trailer":"Dk3ir7dEdE0","episode_count":4,"category":{"id":5,"title":"Phim M\u1edbi","description":"h\u1ea5p d\u1eabn","status":1,"slug":"phim-moi","position":1},"genre":null,"country":{"id":6,"title":"\u0110\u00e0i Loan","description":"Phim \u0110\u00e0i Loan","status":1,"slug":"dai-loan"},"movie_genre":[{"id":4,"title":"H\u00e0nh \u0110\u1ed9ng","description":"r","status":1,"slug":"hanh-dong","pivot":{"movie_id":30,"genre_id":4}},{"id":6,"title":"T\u00e2m L\u00fd","description":"ok","status":1,"slug":"tam-ly","pivot":{"movie_id":30,"genre_id":6}},{"id":7,"title":"V\u00f5 thu\u1eadt","description":"phim v\u00f5 thu\u1eadt","status":1,"slug":"vo-thuat","pivot":{"movie_id":30,"genre_id":7}},{"id":12,"title":"Chi\u1ebfn Tranh","description":"Phim Chi\u1ebfn Tranh","status":1,"slug":"chien-tranh","pivot":{"movie_id":30,"genre_id":12}},{"id":13,"title":"Phi\u00eau L\u01b0u","description":"Phim Phi\u00eau L\u01b0u","status":1,"slug":"phieu-luu","pivot":{"movie_id":30,"genre_id":13}},{"id":18,"title":"H\u00ecnh S\u1ef1 - G\u00e2y C\u1ea5n","description":"Phim H\u00ecnh S\u1ef1 - G\u00e2y C\u1ea5n","status":1,"slug":"hinh-su-gay-can","pivot":{"movie_id":30,"genre_id":18}}]},{"id":29,"title":"Ch\u00e0ng trai b\u00ed \u1ea9n Itou ( \u4f0a\u85e4\u304f\u3093 A to E )","sotap":1,"thoiluong":"126 ph\u00fat","slug":"chang-trai-bi-an-itou","description":"N\u1ed9i dung phim: Rio Yazaki (Fumino Kimura) l\u00e0 m\u1ed9t bi\u00ean k\u1ecbch 32 tu\u1ed5i. C\u00f4 t\u1eebng r\u1ea5t n\u1ed5i ti\u1ebfng khi t\u1ea1o n\u00ean c\u01a1n s\u1ed1t v\u1edbi k\u1ecbch b\u1ea3n c\u1ee7a b\u1ed9 phim \u201cTokyo Doll House.\u201d Nh\u01b0ng k\u1ec3 t\u1eeb \u0111\u00f3 c\u00f4 c\u0169ng kh\u00f4ng c\u00f2n t\u00e1c ph\u1ea9m n\u00e0o g\u00e2y ti\u1ebfng vang n\u1eefa. Cho \u0111\u1ebfn m\u1ed9t ng\u00e0y khi Rio Yazaki t\u1ed5 ch\u1ee9c m\u1ed9t bu\u1ed5i t\u1ecda \u0111\u00e0m, t\u1eeb b\u1ea3ng tr\u1ea3 l\u1eddi c\u00e2u h\u1ecfi c\u1ee7a ho\u1ea1t \u0111\u1ed9ng k\u00e8m th\u00eam, c\u00f4 nh\u1eadn ra c\u00f3 4 ng\u01b0\u1eddi ph\u1ee5 n\u1eef c\u00f9ng c\u00f3 quan h\u1ec7 v\u1edbi m\u1ed9t ng\u01b0\u1eddi \u0111\u00e0n \u00f4ng t\u00ean l\u00e0 Itou. V\u00e0 v\u1edbi t\u01b0 li\u1ec7u v\u1ec1 c\u00e2u chuy\u1ec7n t\u00ecnh y\u00eau c\u1ee7a 4 ng\u01b0\u1eddi ph\u1ee5 n\u1eef n\u00e0y, Rio Yazaki d\u1ef1 \u0111\u1ecbnh s\u1ebd vi\u1ebft n\u00ean m\u1ed9t k\u1ecbch b\u1ea3n m\u1edbi. \u1ede movie n\u00e0y, danh t\u00ednh c\u1ee7a ch\u00e0ng trai Itou \u0111\u00e3 d\u1ea7n l\u1ed9 di\u1ec7n...","status":1,"image":"itou75.jpg","category_id":1,"thuocphim":"phimle","genre_id":1,"country_id":4,"phim_hot":1,"name_english":"The Many Faces Of Itou","resolution":4,"phude":0,"ngaytao":"2025-04-19 15:55:16","ngaycapnhat":"2025-04-19 15:55:16","year":"2018","tags":"T\u00ecnh c\u1ea3m gia \u0111\u00ecnh ,   H\u00e0nh tr\u00ecnh c\u1ea3m \u0111\u1ed9ng,  T\u00ecnh b\u1ea1n, Phim Nh\u1eadt B\u1ea3n, C\u1ea3m \u0111\u1ed9ng \u2013 x\u00fac \u0111\u1ed9ng, Ch\u1eefa l\u00e0nh (healing movie), T\u00ecnh y\u00eau th\u01b0\u01a1ng, Chia ly, V\u0103n h\u00f3a Nh\u1eadt B\u1ea3n","topview":null,"season":"1","trailer":"mPc2v7i7uP4","episode_count":1,"category":{"id":1,"title":"Phim Chi\u1ebfu R\u1ea1p","description":"hay nh\u1ea5t trong ng\u00e0y","status":1,"slug":"phim-chieu-rap","position":0},"genre":null,"country":{"id":4,"title":"Phim nh\u1eadt b\u1ea3n","description":"Phim Nh\u1eadt B\u1ea3n (J-dorama ho\u1eb7c \u0111i\u1ec7n \u1ea3nh) th\u01b0\u1eddng c\u00f3 ti\u1ebft t\u1ea5u nh\u1eb9 nh\u00e0ng, s\u00e2u l\u1eafng v\u00e0 t\u1eadp trung v\u00e0o t\u00e2m l\u00fd nh\u00e2n v\u1eadt. C\u00e1c c\u00e2u chuy\u1ec7n \u0111\u01b0\u1ee3c x\u00e2y d\u1ef1ng gi\u1ea3n d\u1ecb nh\u01b0ng c\u1ea3m \u0111\u1ed9ng, ph\u1ea3n \u00e1nh c\u00e1c gi\u00e1 tr\u1ecb gia \u0111\u00ecnh, t\u00ecnh b\u1ea1n, s\u1ef1 c\u00f4 \u0111\u01a1n, tr\u01b0\u1edfng th\u00e0nh, hay c\u1ea3 s\u1ef1 m\u1ea5t m\u00e1t. D\u00f9 l\u00e0 phim h\u1ecdc \u0111\u01b0\u1eddng, t\u00ecnh c\u1ea3m, hay trinh th\u00e1m \u2013 y\u1ebfu t\u1ed1 \u201cch\u1ea1m \u0111\u1ebfn tr\u00e1i tim ng\u01b0\u1eddi xem\u201d lu\u00f4n \u0111\u01b0\u1ee3c \u0111\u1eb7t l\u00ean h\u00e0ng \u0111\u1ea7u.\r\n\r\nKh\u00f4ng \u00edt phim khai th\u00e1c nh\u1eefng ch\u1ee7 \u0111\u1ec1 tri\u1ebft l\u00fd, cu\u1ed9c s\u1ed1ng h\u00e0ng ng\u00e0y, ho\u1eb7c nh\u1eefng m\u1ed1i quan h\u1ec7 con ng\u01b0\u1eddi mang t\u00ednh nh\u00e2n v\u0103n cao. Ngo\u00e0i ra, Nh\u1eadt B\u1ea3n c\u0169ng n\u1ed5i b\u1eadt v\u1edbi th\u1ec3 lo\u1ea1i anime \u0111i\u1ec7n \u1ea3nh, kinh d\u1ecb ma m\u1ecb v\u00e0 phim chuy\u1ec3n th\u1ec3 t\u1eeb manga r\u1ea5t ph\u1ed5 bi\u1ebfn v\u1edbi gi\u1edbi tr\u1ebb to\u00e0n c\u1ea7u.\r\n\r\n\u0110\u1eb7c tr\u01b0ng kh\u00e1c bao g\u1ed3m: di\u1ec5n xu\u1ea5t t\u1ef1 nhi\u00ean, nh\u1ea1c phim nh\u1eb9 nh\u00e0ng, v\u00e0 b\u1ed1i c\u1ea3nh th\u01b0\u1eddng mang \u0111\u1eadm d\u1ea5u \u1ea5n phong c\u1ea3nh v\u00e0 ki\u1ebfn tr\u00fac Nh\u1eadt B\u1ea3n \u2013 t\u1eeb nh\u1eefng ng\u00f4i \u0111\u1ec1n c\u1ed5 \u0111\u1ebfn c\u00e1c con ph\u1ed1 y\u00ean b\u00ecnh.","status":1,"slug":"nhat-ban"},"movie_genre":[{"id":3,"title":"H\u00e0i H\u01b0\u1edbc","description":"e","status":1,"slug":"hai-huoc","pivot":{"movie_id":29,"genre_id":3}},{"id":5,"title":"L\u00e3ng M\u1ea1n","description":"de","status":1,"slug":"lang-man","pivot":{"movie_id":29,"genre_id":5}},{"id":6,"title":"T\u00e2m L\u00fd","description":"ok","status":1,"slug":"tam-ly","pivot":{"movie_id":29,"genre_id":6}},{"id":10,"title":"Gia \u0111\u00ecnh - H\u1ecdc \u0111\u01b0\u1eddng","description":"Gia \u0111\u00ecnh - H\u1ecdc \u0111\u01b0\u1eddng","status":1,"slug":"gia-dinh- h\u1ecdc-duong","pivot":{"movie_id":29,"genre_id":10}},{"id":17,"title":"T\u00ecnh C\u1ea3m","description":"Phim T\u00ecnh C\u1ea3m","status":1,"slug":"phim-tinh-cam","pivot":{"movie_id":29,"genre_id":17}}]},{"id":28,"title":"Cu\u1ed9c h\u00e0nh tr\u00ecnh c\u1ee7a m\u00e8o Nana ( \u65c5\u732b\u30ea\u30dd\u30fc\u30c8  )","sotap":1,"thoiluong":"119 ph\u00fat","slug":"cuoc-hanh-trinh-cua-meo-nana","description":"N\u1ed9i dung phim: Ch\u00e0ng trai tr\u1ebb v\u1edbi tr\u00e1i tim nh\u00e2n h\u1eadu Satoru, c\u1eadu \u0111\u00e3 c\u1ee9u ch\u00fa m\u00e8o hoang Nana sau 1 l\u1ea7n tai n\u1ea1n v\u00e0 nh\u1eadn nu\u00f4i n\u00f3 v\u00e0 tr\u1edf n\u00ean th\u00e2n thi\u1ebft. Tuy nhi\u00ean, m\u1ed9t ng\u00e0y n\u1ecd, Satoru \u0111\u00e3 n\u00f3i r\u1eb1ng kh\u00f4ng th\u1ec3 nu\u00f4i Nana \u0111\u01b0\u1ee3c n\u1eefa, h\u1ecd \u0111\u00e3 b\u1eaft \u0111\u1ea7u cu\u1ed9c h\u00e0nh tr\u00ecnh \u0111i \u0111\u1ebfn r\u1ea5t nhi\u1ec1u n\u01a1i \u0111\u1ec3 t\u00ecm m\u1ed9t ng\u01b0\u1eddi ch\u1ee7 m\u1edbi cho Nana. Trong cu\u1ed9c h\u00e0nh tr\u00ecnh, Satoru \u0111\u00e3 g\u1eb7p l\u1ea1i nh\u1eefng ng\u01b0\u1eddi b\u1ea1n c\u0169, gi\u00fap Nana hi\u1ec3u h\u01a1n ph\u1ea7n n\u00e0o v\u1ec1 cu\u1ed9c \u0111\u1eddi c\u1ee7a Satoru v\u00e0 \u0111\u1eb1ng sau \u0111\u00f3 l\u00e0 1 b\u00ed m\u1eadt \u0111\u1ea7y c\u1ea3m \u0111\u1ed9ng \u0111\u01b0\u1ee3c h\u00e9 m\u1edf...","status":1,"image":"nana89.jpg","category_id":1,"thuocphim":"phimle","genre_id":5,"country_id":4,"phim_hot":1,"name_english":"The Travelling Cat Chronicles","resolution":1,"phude":1,"ngaytao":"2025-04-19 15:02:10","ngaycapnhat":"2025-04-19 15:02:10","year":"2018","tags":"T\u00ecnh c\u1ea3m gia \u0111\u00ecnh , \u0110\u1ed9ng v\u1eadt (m\u00e8o) , H\u00e0nh tr\u00ecnh c\u1ea3m \u0111\u1ed9ng,  T\u00ecnh b\u1ea1n, Phim Nh\u1eadt B\u1ea3n, C\u1ea3m \u0111\u1ed9ng \u2013 x\u00fac \u0111\u1ed9ng, Ch\u1eefa l\u00e0nh (healing movie), T\u00ecnh y\u00eau th\u01b0\u01a1ng, Chia ly, V\u0103n h\u00f3a Nh\u1eadt B\u1ea3n","topview":null,"season":"1","trailer":"JI2DJTWb5hA","episode_count":1,"category":{"id":1,"title":"Phim Chi\u1ebfu R\u1ea1p","description":"hay nh\u1ea5t trong ng\u00e0y","status":1,"slug":"phim-chieu-rap","position":0},"genre":{"id":5,"title":"L\u00e3ng M\u1ea1n","description":"de","status":1,"slug":"lang-man"},"country":{"id":4,"title":"Phim nh\u1eadt b\u1ea3n","description":"Phim Nh\u1eadt B\u1ea3n (J-dorama ho\u1eb7c \u0111i\u1ec7n \u1ea3nh) th\u01b0\u1eddng c\u00f3 ti\u1ebft t\u1ea5u nh\u1eb9 nh\u00e0ng, s\u00e2u l\u1eafng v\u00e0 t\u1eadp trung v\u00e0o t\u00e2m l\u00fd nh\u00e2n v\u1eadt. C\u00e1c c\u00e2u chuy\u1ec7n \u0111\u01b0\u1ee3c x\u00e2y d\u1ef1ng gi\u1ea3n d\u1ecb nh\u01b0ng c\u1ea3m \u0111\u1ed9ng, ph\u1ea3n \u00e1nh c\u00e1c gi\u00e1 tr\u1ecb gia \u0111\u00ecnh, t\u00ecnh b\u1ea1n, s\u1ef1 c\u00f4 \u0111\u01a1n, tr\u01b0\u1edfng th\u00e0nh, hay c\u1ea3 s\u1ef1 m\u1ea5t m\u00e1t. D\u00f9 l\u00e0 phim h\u1ecdc \u0111\u01b0\u1eddng, t\u00ecnh c\u1ea3m, hay trinh th\u00e1m \u2013 y\u1ebfu t\u1ed1 \u201cch\u1ea1m \u0111\u1ebfn tr\u00e1i tim ng\u01b0\u1eddi xem\u201d lu\u00f4n \u0111\u01b0\u1ee3c \u0111\u1eb7t l\u00ean h\u00e0ng \u0111\u1ea7u.\r\n\r\nKh\u00f4ng \u00edt phim khai th\u00e1c nh\u1eefng ch\u1ee7 \u0111\u1ec1 tri\u1ebft l\u00fd, cu\u1ed9c s\u1ed1ng h\u00e0ng ng\u00e0y, ho\u1eb7c nh\u1eefng m\u1ed1i quan h\u1ec7 con ng\u01b0\u1eddi mang t\u00ednh nh\u00e2n v\u0103n cao. Ngo\u00e0i ra, Nh\u1eadt B\u1ea3n c\u0169ng n\u1ed5i b\u1eadt v\u1edbi th\u1ec3 lo\u1ea1i anime \u0111i\u1ec7n \u1ea3nh, kinh d\u1ecb ma m\u1ecb v\u00e0 phim chuy\u1ec3n th\u1ec3 t\u1eeb manga r\u1ea5t ph\u1ed5 bi\u1ebfn v\u1edbi gi\u1edbi tr\u1ebb to\u00e0n c\u1ea7u.\r\n\r\n\u0110\u1eb7c tr\u01b0ng kh\u00e1c bao g\u1ed3m: di\u1ec5n xu\u1ea5t t\u1ef1 nhi\u00ean, nh\u1ea1c phim nh\u1eb9 nh\u00e0ng, v\u00e0 b\u1ed1i c\u1ea3nh th\u01b0\u1eddng mang \u0111\u1eadm d\u1ea5u \u1ea5n phong c\u1ea3nh v\u00e0 ki\u1ebfn tr\u00fac Nh\u1eadt B\u1ea3n \u2013 t\u1eeb nh\u1eefng ng\u00f4i \u0111\u1ec1n c\u1ed5 \u0111\u1ebfn c\u00e1c con ph\u1ed1 y\u00ean b\u00ecnh.","status":1,"slug":"nhat-ban"},"movie_genre":[{"id":3,"title":"H\u00e0i H\u01b0\u1edbc","description":"e","status":1,"slug":"hai-huoc","pivot":{"movie_id":28,"genre_id":3}},{"id":5,"title":"L\u00e3ng M\u1ea1n","description":"de","status":1,"slug":"lang-man","pivot":{"movie_id":28,"genre_id":5}}]},{"id":27,"title":"th\u1ea5y( ph\u1ea7n 3 )","sotap":15,"thoiluong":"5","slug":"thay-phan-3","description":"ok","status":1,"image":"InKetQuaDangKy27.jpg","category_id":1,"thuocphim":"phimbo","genre_id":4,"country_id":1,"phim_hot":1,"name_english":"see","resolution":4,"phude":1,"ngaytao":"2024-10-28 22:25:56","ngaycapnhat":"2024-11-01 21:41:27","year":null,"tags":"th\u1ea5y, see, ph\u1ea7n 3","topview":null,"season":"0","trailer":"d0OhjguDpHc","episode_count":6,"category":{"id":1,"title":"Phim Chi\u1ebfu R\u1ea1p","description":"hay nh\u1ea5t trong ng\u00e0y","status":1,"slug":"phim-chieu-rap","position":0},"genre":{"id":4,"title":"H\u00e0nh \u0110\u1ed9ng","description":"r","status":1,"slug":"hanh-dong"},"country":{"id":1,"title":"vi\u1ec7t nam","description":"\ud83c\udfac Phim Vi\u1ec7t Nam:\r\n\r\nPhim Vi\u1ec7t Nam th\u01b0\u1eddng t\u1eadp trung v\u00e0o \u0111\u1eddi s\u1ed1ng x\u00e3 h\u1ed9i, c\u00e1c m\u1ed1i quan h\u1ec7 gia \u0111\u00ecnh, t\u00ecnh y\u00eau v\u00e0 nh\u1eefng v\u1ea5n \u0111\u1ec1 nh\u00e2n v\u0103n. N\u1ed9i dung g\u1ea7n g\u0169i, ph\u1ea3n \u00e1nh hi\u1ec7n th\u1ef1c cu\u1ed9c s\u1ed1ng ng\u01b0\u1eddi Vi\u1ec7t \u2013 t\u1eeb n\u00f4ng th\u00f4n \u0111\u1ebfn \u0111\u00f4 th\u1ecb, t\u1eeb th\u1eddi chi\u1ebfn \u0111\u1ebfn hi\u1ec7n \u0111\u1ea1i. C\u00e1c b\u1ed9 phim ng\u00e0y c\u00e0ng \u0111\u01b0\u1ee3c \u0111\u1ea7u t\u01b0 v\u1ec1 m\u1eb7t h\u00ecnh \u1ea3nh, \u00e2m thanh, di\u1ec5n xu\u1ea5t, v\u00e0 \u0111\u1eb7c bi\u1ec7t ch\u00fa tr\u1ecdng \u0111\u1ebfn y\u1ebfu t\u1ed1 c\u1ea3m x\u00fac, d\u1ec5 khi\u1ebfn ng\u01b0\u1eddi xem \u0111\u1ed3ng c\u1ea3m.\r\n\r\nNgo\u00e0i ra, phim truy\u1ec1n h\u00ecnh d\u00e0i t\u1eadp Vi\u1ec7t Nam c\u0169ng th\u01b0\u1eddng khai th\u00e1c m\u00e2u thu\u1eabn gia \u0111\u00ecnh, x\u00e3 h\u1ed9i, c\u00f9ng c\u00e1c y\u1ebfu t\u1ed1 \u201cdrama\u201d thu h\u00fat kh\u00e1n gi\u1ea3. Trong nh\u1eefng n\u0103m g\u1ea7n \u0111\u00e2y, \u0111i\u1ec7n \u1ea3nh Vi\u1ec7t ph\u00e1t tri\u1ec3n m\u1ea1nh v\u1edbi nhi\u1ec1u phim chi\u1ebfu r\u1ea1p ch\u1ea5t l\u01b0\u1ee3ng, \u0111a d\u1ea1ng th\u1ec3 lo\u1ea1i: t\u00ecnh c\u1ea3m, h\u00e0i h\u01b0\u1edbc, kinh d\u1ecb, h\u00e0nh \u0111\u1ed9ng...\r\n\r\n\ud83d\udd39 \u0110\u1eb7c tr\u01b0ng: C\u1ea3m x\u00fac, g\u1ea7n g\u0169i, \u0111\u1eadm ch\u1ea5t Vi\u1ec7t, th\u01b0\u1eddng mang th\u00f4ng \u0111i\u1ec7p x\u00e3 h\u1ed9i.","status":1,"slug":"viet-nam"},"movie_genre":[{"id":2,"title":"Vi\u1ec5n T\u01b0\u1edfng","description":"Phim Vi\u1ec5n T\u01b0\u1edfng","status":1,"slug":"vien-tuong","pivot":{"movie_id":27,"genre_id":2}},{"id":3,"title":"H\u00e0i H\u01b0\u1edbc","description":"e","status":1,"slug":"hai-huoc","pivot":{"movie_id":27,"genre_id":3}},{"id":4,"title":"H\u00e0nh \u0110\u1ed9ng","description":"r","status":1,"slug":"hanh-dong","pivot":{"movie_id":27,"genre_id":4}}]},{"id":26,"title":"ng\u00f4i nh\u00e0 ma \u00e1m","sotap":10,"thoiluong":"d","slug":"c","description":"d","status":1,"image":"293.jpg","category_id":1,"thuocphim":"phimle","genre_id":2,"country_id":1,"phim_hot":1,"name_english":"d","resolution":1,"phude":1,"ngaytao":"2024-09-18 16:44:03","ngaycapnhat":"2024-09-18 16:44:03","year":"2017","tags":"d","topview":0,"season":"0","trailer":"e","episode_count":0,"category":{"id":1,"title":"Phim Chi\u1ebfu R\u1ea1p","description":"hay nh\u1ea5t trong ng\u00e0y","status":1,"slug":"phim-chieu-rap","position":0},"genre":{"id":2,"title":"Vi\u1ec5n T\u01b0\u1edfng","description":"Phim Vi\u1ec5n T\u01b0\u1edfng","status":1,"slug":"vien-tuong"},"country":{"id":1,"title":"vi\u1ec7t nam","description":"\ud83c\udfac Phim Vi\u1ec7t Nam:\r\n\r\nPhim Vi\u1ec7t Nam th\u01b0\u1eddng t\u1eadp trung v\u00e0o \u0111\u1eddi s\u1ed1ng x\u00e3 h\u1ed9i, c\u00e1c m\u1ed1i quan h\u1ec7 gia \u0111\u00ecnh, t\u00ecnh y\u00eau v\u00e0 nh\u1eefng v\u1ea5n \u0111\u1ec1 nh\u00e2n v\u0103n. N\u1ed9i dung g\u1ea7n g\u0169i, ph\u1ea3n \u00e1nh hi\u1ec7n th\u1ef1c cu\u1ed9c s\u1ed1ng ng\u01b0\u1eddi Vi\u1ec7t \u2013 t\u1eeb n\u00f4ng th\u00f4n \u0111\u1ebfn \u0111\u00f4 th\u1ecb, t\u1eeb th\u1eddi chi\u1ebfn \u0111\u1ebfn hi\u1ec7n \u0111\u1ea1i. C\u00e1c b\u1ed9 phim ng\u00e0y c\u00e0ng \u0111\u01b0\u1ee3c \u0111\u1ea7u t\u01b0 v\u1ec1 m\u1eb7t h\u00ecnh \u1ea3nh, \u00e2m thanh, di\u1ec5n xu\u1ea5t, v\u00e0 \u0111\u1eb7c bi\u1ec7t ch\u00fa tr\u1ecdng \u0111\u1ebfn y\u1ebfu t\u1ed1 c\u1ea3m x\u00fac, d\u1ec5 khi\u1ebfn ng\u01b0\u1eddi xem \u0111\u1ed3ng c\u1ea3m.\r\n\r\nNgo\u00e0i ra, phim truy\u1ec1n h\u00ecnh d\u00e0i t\u1eadp Vi\u1ec7t Nam c\u0169ng th\u01b0\u1eddng khai th\u00e1c m\u00e2u thu\u1eabn gia \u0111\u00ecnh, x\u00e3 h\u1ed9i, c\u00f9ng c\u00e1c y\u1ebfu t\u1ed1 \u201cdrama\u201d thu h\u00fat kh\u00e1n gi\u1ea3. Trong nh\u1eefng n\u0103m g\u1ea7n \u0111\u00e2y, \u0111i\u1ec7n \u1ea3nh Vi\u1ec7t ph\u00e1t tri\u1ec3n m\u1ea1nh v\u1edbi nhi\u1ec1u phim chi\u1ebfu r\u1ea1p ch\u1ea5t l\u01b0\u1ee3ng, \u0111a d\u1ea1ng th\u1ec3 lo\u1ea1i: t\u00ecnh c\u1ea3m, h\u00e0i h\u01b0\u1edbc, kinh d\u1ecb, h\u00e0nh \u0111\u1ed9ng...\r\n\r\n\ud83d\udd39 \u0110\u1eb7c tr\u01b0ng: C\u1ea3m x\u00fac, g\u1ea7n g\u0169i, \u0111\u1eadm ch\u1ea5t Vi\u1ec7t, th\u01b0\u1eddng mang th\u00f4ng \u0111i\u1ec7p x\u00e3 h\u1ed9i.","status":1,"slug":"viet-nam"},"movie_genre":[{"id":2,"title":"Vi\u1ec5n T\u01b0\u1edfng","description":"Phim Vi\u1ec5n T\u01b0\u1edfng","status":1,"slug":"vien-tuong","pivot":{"movie_id":26,"genre_id":2}}]},{"id":25,"title":"e","sotap":10,"thoiluong":"e","slug":"e","description":"e","status":1,"image":"61bc7baa3cf0275348489.jpg","category_id":9,"thuocphim":"phimle","genre_id":2,"country_id":1,"phim_hot":1,"name_english":"e","resolution":1,"phude":1,"ngaytao":"2024-09-17 17:20:21","ngaycapnhat":"2024-09-17 17:20:38","year":null,"tags":"e","topview":null,"season":"0","trailer":"e","episode_count":0,"category":{"id":9,"title":"Phim ho\u1ea1t h\u00ecnh","description":"ok ","status":1,"slug":"phim-ho\u1ea1t-h\u00ecnh","position":5},"genre":{"id":2,"title":"Vi\u1ec5n T\u01b0\u1edfng","description":"Phim Vi\u1ec5n T\u01b0\u1edfng","status":1,"slug":"vien-tuong"},"country":{"id":1,"title":"vi\u1ec7t nam","description":"\ud83c\udfac Phim Vi\u1ec7t Nam:\r\n\r\nPhim Vi\u1ec7t Nam th\u01b0\u1eddng t\u1eadp trung v\u00e0o \u0111\u1eddi s\u1ed1ng x\u00e3 h\u1ed9i, c\u00e1c m\u1ed1i quan h\u1ec7 gia \u0111\u00ecnh, t\u00ecnh y\u00eau v\u00e0 nh\u1eefng v\u1ea5n \u0111\u1ec1 nh\u00e2n v\u0103n. N\u1ed9i dung g\u1ea7n g\u0169i, ph\u1ea3n \u00e1nh hi\u1ec7n th\u1ef1c cu\u1ed9c s\u1ed1ng ng\u01b0\u1eddi Vi\u1ec7t \u2013 t\u1eeb n\u00f4ng th\u00f4n \u0111\u1ebfn \u0111\u00f4 th\u1ecb, t\u1eeb th\u1eddi chi\u1ebfn \u0111\u1ebfn hi\u1ec7n \u0111\u1ea1i. C\u00e1c b\u1ed9 phim ng\u00e0y c\u00e0ng \u0111\u01b0\u1ee3c \u0111\u1ea7u t\u01b0 v\u1ec1 m\u1eb7t h\u00ecnh \u1ea3nh, \u00e2m thanh, di\u1ec5n xu\u1ea5t, v\u00e0 \u0111\u1eb7c bi\u1ec7t ch\u00fa tr\u1ecdng \u0111\u1ebfn y\u1ebfu t\u1ed1 c\u1ea3m x\u00fac, d\u1ec5 khi\u1ebfn ng\u01b0\u1eddi xem \u0111\u1ed3ng c\u1ea3m.\r\n\r\nNgo\u00e0i ra, phim truy\u1ec1n h\u00ecnh d\u00e0i t\u1eadp Vi\u1ec7t Nam c\u0169ng th\u01b0\u1eddng khai th\u00e1c m\u00e2u thu\u1eabn gia \u0111\u00ecnh, x\u00e3 h\u1ed9i, c\u00f9ng c\u00e1c y\u1ebfu t\u1ed1 \u201cdrama\u201d thu h\u00fat kh\u00e1n gi\u1ea3. Trong nh\u1eefng n\u0103m g\u1ea7n \u0111\u00e2y, \u0111i\u1ec7n \u1ea3nh Vi\u1ec7t ph\u00e1t tri\u1ec3n m\u1ea1nh v\u1edbi nhi\u1ec1u phim chi\u1ebfu r\u1ea1p ch\u1ea5t l\u01b0\u1ee3ng, \u0111a d\u1ea1ng th\u1ec3 lo\u1ea1i: t\u00ecnh c\u1ea3m, h\u00e0i h\u01b0\u1edbc, kinh d\u1ecb, h\u00e0nh \u0111\u1ed9ng...\r\n\r\n\ud83d\udd39 \u0110\u1eb7c tr\u01b0ng: C\u1ea3m x\u00fac, g\u1ea7n g\u0169i, \u0111\u1eadm ch\u1ea5t Vi\u1ec7t, th\u01b0\u1eddng mang th\u00f4ng \u0111i\u1ec7p x\u00e3 h\u1ed9i.","status":1,"slug":"viet-nam"},"movie_genre":[{"id":2,"title":"Vi\u1ec5n T\u01b0\u1edfng","description":"Phim Vi\u1ec5n T\u01b0\u1edfng","status":1,"slug":"vien-tuong","pivot":{"movie_id":25,"genre_id":2}}]},{"id":24,"title":"e","sotap":10,"thoiluong":"e","slug":"e","description":"e","status":1,"image":"61bc7baa3cf027534847.jpg","category_id":13,"thuocphim":"phimle","genre_id":2,"country_id":1,"phim_hot":1,"name_english":"e","resolution":1,"phude":1,"ngaytao":"2024-09-17 17:19:04","ngaycapnhat":"2024-09-17 17:19:28","year":null,"tags":"e","topview":null,"season":"0","trailer":"e","episode_count":0,"category":{"id":13,"title":"Phim l\u1ebb","description":"h\u1ea5p d\u1eabn","status":1,"slug":"phim-le","position":null},"genre":{"id":2,"title":"Vi\u1ec5n T\u01b0\u1edfng","description":"Phim Vi\u1ec5n T\u01b0\u1edfng","status":1,"slug":"vien-tuong"},"country":{"id":1,"title":"vi\u1ec7t nam","description":"\ud83c\udfac Phim Vi\u1ec7t Nam:\r\n\r\nPhim Vi\u1ec7t Nam th\u01b0\u1eddng t\u1eadp trung v\u00e0o \u0111\u1eddi s\u1ed1ng x\u00e3 h\u1ed9i, c\u00e1c m\u1ed1i quan h\u1ec7 gia \u0111\u00ecnh, t\u00ecnh y\u00eau v\u00e0 nh\u1eefng v\u1ea5n \u0111\u1ec1 nh\u00e2n v\u0103n. N\u1ed9i dung g\u1ea7n g\u0169i, ph\u1ea3n \u00e1nh hi\u1ec7n th\u1ef1c cu\u1ed9c s\u1ed1ng ng\u01b0\u1eddi Vi\u1ec7t \u2013 t\u1eeb n\u00f4ng th\u00f4n \u0111\u1ebfn \u0111\u00f4 th\u1ecb, t\u1eeb th\u1eddi chi\u1ebfn \u0111\u1ebfn hi\u1ec7n \u0111\u1ea1i. C\u00e1c b\u1ed9 phim ng\u00e0y c\u00e0ng \u0111\u01b0\u1ee3c \u0111\u1ea7u t\u01b0 v\u1ec1 m\u1eb7t h\u00ecnh \u1ea3nh, \u00e2m thanh, di\u1ec5n xu\u1ea5t, v\u00e0 \u0111\u1eb7c bi\u1ec7t ch\u00fa tr\u1ecdng \u0111\u1ebfn y\u1ebfu t\u1ed1 c\u1ea3m x\u00fac, d\u1ec5 khi\u1ebfn ng\u01b0\u1eddi xem \u0111\u1ed3ng c\u1ea3m.\r\n\r\nNgo\u00e0i ra, phim truy\u1ec1n h\u00ecnh d\u00e0i t\u1eadp Vi\u1ec7t Nam c\u0169ng th\u01b0\u1eddng khai th\u00e1c m\u00e2u thu\u1eabn gia \u0111\u00ecnh, x\u00e3 h\u1ed9i, c\u00f9ng c\u00e1c y\u1ebfu t\u1ed1 \u201cdrama\u201d thu h\u00fat kh\u00e1n gi\u1ea3. Trong nh\u1eefng n\u0103m g\u1ea7n \u0111\u00e2y, \u0111i\u1ec7n \u1ea3nh Vi\u1ec7t ph\u00e1t tri\u1ec3n m\u1ea1nh v\u1edbi nhi\u1ec1u phim chi\u1ebfu r\u1ea1p ch\u1ea5t l\u01b0\u1ee3ng, \u0111a d\u1ea1ng th\u1ec3 lo\u1ea1i: t\u00ecnh c\u1ea3m, h\u00e0i h\u01b0\u1edbc, kinh d\u1ecb, h\u00e0nh \u0111\u1ed9ng...\r\n\r\n\ud83d\udd39 \u0110\u1eb7c tr\u01b0ng: C\u1ea3m x\u00fac, g\u1ea7n g\u0169i, \u0111\u1eadm ch\u1ea5t Vi\u1ec7t, th\u01b0\u1eddng mang th\u00f4ng \u0111i\u1ec7p x\u00e3 h\u1ed9i.","status":1,"slug":"viet-nam"},"movie_genre":[{"id":2,"title":"Vi\u1ec5n T\u01b0\u1edfng","description":"Phim Vi\u1ec5n T\u01b0\u1edfng","status":1,"slug":"vien-tuong","pivot":{"movie_id":24,"genre_id":2}}]},{"id":22,"title":"s","sotap":10,"thoiluong":"d","slug":"s","description":"d","status":1,"image":"471937-microsoft-xbox-one-x6995.jpg","category_id":1,"thuocphim":"phimle","genre_id":2,"country_id":1,"phim_hot":1,"name_english":"d","resolution":1,"phude":1,"ngaytao":"2024-09-08 22:44:06","ngaycapnhat":"2024-09-08 22:44:06","year":"2000","tags":"d","topview":null,"season":"0","trailer":"s","episode_count":0,"category":{"id":1,"title":"Phim Chi\u1ebfu R\u1ea1p","description":"hay nh\u1ea5t trong ng\u00e0y","status":1,"slug":"phim-chieu-rap","position":0},"genre":{"id":2,"title":"Vi\u1ec5n T\u01b0\u1edfng","description":"Phim Vi\u1ec5n T\u01b0\u1edfng","status":1,"slug":"vien-tuong"},"country":{"id":1,"title":"vi\u1ec7t nam","description":"\ud83c\udfac Phim Vi\u1ec7t Nam:\r\n\r\nPhim Vi\u1ec7t Nam th\u01b0\u1eddng t\u1eadp trung v\u00e0o \u0111\u1eddi s\u1ed1ng x\u00e3 h\u1ed9i, c\u00e1c m\u1ed1i quan h\u1ec7 gia \u0111\u00ecnh, t\u00ecnh y\u00eau v\u00e0 nh\u1eefng v\u1ea5n \u0111\u1ec1 nh\u00e2n v\u0103n. N\u1ed9i dung g\u1ea7n g\u0169i, ph\u1ea3n \u00e1nh hi\u1ec7n th\u1ef1c cu\u1ed9c s\u1ed1ng ng\u01b0\u1eddi Vi\u1ec7t \u2013 t\u1eeb n\u00f4ng th\u00f4n \u0111\u1ebfn \u0111\u00f4 th\u1ecb, t\u1eeb th\u1eddi chi\u1ebfn \u0111\u1ebfn hi\u1ec7n \u0111\u1ea1i. C\u00e1c b\u1ed9 phim ng\u00e0y c\u00e0ng \u0111\u01b0\u1ee3c \u0111\u1ea7u t\u01b0 v\u1ec1 m\u1eb7t h\u00ecnh \u1ea3nh, \u00e2m thanh, di\u1ec5n xu\u1ea5t, v\u00e0 \u0111\u1eb7c bi\u1ec7t ch\u00fa tr\u1ecdng \u0111\u1ebfn y\u1ebfu t\u1ed1 c\u1ea3m x\u00fac, d\u1ec5 khi\u1ebfn ng\u01b0\u1eddi xem \u0111\u1ed3ng c\u1ea3m.\r\n\r\nNgo\u00e0i ra, phim truy\u1ec1n h\u00ecnh d\u00e0i t\u1eadp Vi\u1ec7t Nam c\u0169ng th\u01b0\u1eddng khai th\u00e1c m\u00e2u thu\u1eabn gia \u0111\u00ecnh, x\u00e3 h\u1ed9i, c\u00f9ng c\u00e1c y\u1ebfu t\u1ed1 \u201cdrama\u201d thu h\u00fat kh\u00e1n gi\u1ea3. Trong nh\u1eefng n\u0103m g\u1ea7n \u0111\u00e2y, \u0111i\u1ec7n \u1ea3nh Vi\u1ec7t ph\u00e1t tri\u1ec3n m\u1ea1nh v\u1edbi nhi\u1ec1u phim chi\u1ebfu r\u1ea1p ch\u1ea5t l\u01b0\u1ee3ng, \u0111a d\u1ea1ng th\u1ec3 lo\u1ea1i: t\u00ecnh c\u1ea3m, h\u00e0i h\u01b0\u1edbc, kinh d\u1ecb, h\u00e0nh \u0111\u1ed9ng...\r\n\r\n\ud83d\udd39 \u0110\u1eb7c tr\u01b0ng: C\u1ea3m x\u00fac, g\u1ea7n g\u0169i, \u0111\u1eadm ch\u1ea5t Vi\u1ec7t, th\u01b0\u1eddng mang th\u00f4ng \u0111i\u1ec7p x\u00e3 h\u1ed9i.","status":1,"slug":"viet-nam"},"movie_genre":[{"id":2,"title":"Vi\u1ec5n T\u01b0\u1edfng","description":"Phim Vi\u1ec5n T\u01b0\u1edfng","status":1,"slug":"vien-tuong","pivot":{"movie_id":22,"genre_id":2}}]},{"id":21,"title":"\u01b0","sotap":5,"thoiluong":"\u01b0","slug":"u","description":"\u01b0","status":1,"image":"1444_SmartheartPuppy5449.jpg","category_id":1,"thuocphim":"phimbo","genre_id":3,"country_id":1,"phim_hot":1,"name_english":"\u01b0","resolution":1,"phude":1,"ngaytao":"2024-09-08 13:18:02","ngaycapnhat":"2024-09-14 17:13:07","year":"2000","tags":"\u01b0","topview":null,"season":"0","trailer":"\u01b0","episode_count":1,"category":{"id":1,"title":"Phim Chi\u1ebfu R\u1ea1p","description":"hay nh\u1ea5t trong ng\u00e0y","status":1,"slug":"phim-chieu-rap","position":0},"genre":{"id":3,"title":"H\u00e0i H\u01b0\u1edbc","description":"e","status":1,"slug":"hai-huoc"},"country":{"id":1,"title":"vi\u1ec7t nam","description":"\ud83c\udfac Phim Vi\u1ec7t Nam:\r\n\r\nPhim Vi\u1ec7t Nam th\u01b0\u1eddng t\u1eadp trung v\u00e0o \u0111\u1eddi s\u1ed1ng x\u00e3 h\u1ed9i, c\u00e1c m\u1ed1i quan h\u1ec7 gia \u0111\u00ecnh, t\u00ecnh y\u00eau v\u00e0 nh\u1eefng v\u1ea5n \u0111\u1ec1 nh\u00e2n v\u0103n. N\u1ed9i dung g\u1ea7n g\u0169i, ph\u1ea3n \u00e1nh hi\u1ec7n th\u1ef1c cu\u1ed9c s\u1ed1ng ng\u01b0\u1eddi Vi\u1ec7t \u2013 t\u1eeb n\u00f4ng th\u00f4n \u0111\u1ebfn \u0111\u00f4 th\u1ecb, t\u1eeb th\u1eddi chi\u1ebfn \u0111\u1ebfn hi\u1ec7n \u0111\u1ea1i. C\u00e1c b\u1ed9 phim ng\u00e0y c\u00e0ng \u0111\u01b0\u1ee3c \u0111\u1ea7u t\u01b0 v\u1ec1 m\u1eb7t h\u00ecnh \u1ea3nh, \u00e2m thanh, di\u1ec5n xu\u1ea5t, v\u00e0 \u0111\u1eb7c bi\u1ec7t ch\u00fa tr\u1ecdng \u0111\u1ebfn y\u1ebfu t\u1ed1 c\u1ea3m x\u00fac, d\u1ec5 khi\u1ebfn ng\u01b0\u1eddi xem \u0111\u1ed3ng c\u1ea3m.\r\n\r\nNgo\u00e0i ra, phim truy\u1ec1n h\u00ecnh d\u00e0i t\u1eadp Vi\u1ec7t Nam c\u0169ng th\u01b0\u1eddng khai th\u00e1c m\u00e2u thu\u1eabn gia \u0111\u00ecnh, x\u00e3 h\u1ed9i, c\u00f9ng c\u00e1c y\u1ebfu t\u1ed1 \u201cdrama\u201d thu h\u00fat kh\u00e1n gi\u1ea3. Trong nh\u1eefng n\u0103m g\u1ea7n \u0111\u00e2y, \u0111i\u1ec7n \u1ea3nh Vi\u1ec7t ph\u00e1t tri\u1ec3n m\u1ea1nh v\u1edbi nhi\u1ec1u phim chi\u1ebfu r\u1ea1p ch\u1ea5t l\u01b0\u1ee3ng, \u0111a d\u1ea1ng th\u1ec3 lo\u1ea1i: t\u00ecnh c\u1ea3m, h\u00e0i h\u01b0\u1edbc, kinh d\u1ecb, h\u00e0nh \u0111\u1ed9ng...\r\n\r\n\ud83d\udd39 \u0110\u1eb7c tr\u01b0ng: C\u1ea3m x\u00fac, g\u1ea7n g\u0169i, \u0111\u1eadm ch\u1ea5t Vi\u1ec7t, th\u01b0\u1eddng mang th\u00f4ng \u0111i\u1ec7p x\u00e3 h\u1ed9i.","status":1,"slug":"viet-nam"},"movie_genre":[{"id":2,"title":"Vi\u1ec5n T\u01b0\u1edfng","description":"Phim Vi\u1ec5n T\u01b0\u1edfng","status":1,"slug":"vien-tuong","pivot":{"movie_id":21,"genre_id":2}},{"id":3,"title":"H\u00e0i H\u01b0\u1edbc","description":"e","status":1,"slug":"hai-huoc","pivot":{"movie_id":21,"genre_id":3}}]},{"id":17,"title":"e","sotap":1,"thoiluong":"e","slug":"e","description":"e","status":1,"image":"banner-template-concept-pet-shop_23-21484368882196.jpg","category_id":1,"thuocphim":"phimle","genre_id":3,"country_id":1,"phim_hot":1,"name_english":"e","resolution":1,"phude":1,"ngaytao":"2024-09-08 11:42:24","ngaycapnhat":"2024-09-08 12:28:48","year":"2004","tags":"e","topview":1,"season":"0","trailer":"e","episode_count":0,"category":{"id":1,"title":"Phim Chi\u1ebfu R\u1ea1p","description":"hay nh\u1ea5t trong ng\u00e0y","status":1,"slug":"phim-chieu-rap","position":0},"genre":{"id":3,"title":"H\u00e0i H\u01b0\u1edbc","description":"e","status":1,"slug":"hai-huoc"},"country":{"id":1,"title":"vi\u1ec7t nam","description":"\ud83c\udfac Phim Vi\u1ec7t Nam:\r\n\r\nPhim Vi\u1ec7t Nam th\u01b0\u1eddng t\u1eadp trung v\u00e0o \u0111\u1eddi s\u1ed1ng x\u00e3 h\u1ed9i, c\u00e1c m\u1ed1i quan h\u1ec7 gia \u0111\u00ecnh, t\u00ecnh y\u00eau v\u00e0 nh\u1eefng v\u1ea5n \u0111\u1ec1 nh\u00e2n v\u0103n. N\u1ed9i dung g\u1ea7n g\u0169i, ph\u1ea3n \u00e1nh hi\u1ec7n th\u1ef1c cu\u1ed9c s\u1ed1ng ng\u01b0\u1eddi Vi\u1ec7t \u2013 t\u1eeb n\u00f4ng th\u00f4n \u0111\u1ebfn \u0111\u00f4 th\u1ecb, t\u1eeb th\u1eddi chi\u1ebfn \u0111\u1ebfn hi\u1ec7n \u0111\u1ea1i. C\u00e1c b\u1ed9 phim ng\u00e0y c\u00e0ng \u0111\u01b0\u1ee3c \u0111\u1ea7u t\u01b0 v\u1ec1 m\u1eb7t h\u00ecnh \u1ea3nh, \u00e2m thanh, di\u1ec5n xu\u1ea5t, v\u00e0 \u0111\u1eb7c bi\u1ec7t ch\u00fa tr\u1ecdng \u0111\u1ebfn y\u1ebfu t\u1ed1 c\u1ea3m x\u00fac, d\u1ec5 khi\u1ebfn ng\u01b0\u1eddi xem \u0111\u1ed3ng c\u1ea3m.\r\n\r\nNgo\u00e0i ra, phim truy\u1ec1n h\u00ecnh d\u00e0i t\u1eadp Vi\u1ec7t Nam c\u0169ng th\u01b0\u1eddng khai th\u00e1c m\u00e2u thu\u1eabn gia \u0111\u00ecnh, x\u00e3 h\u1ed9i, c\u00f9ng c\u00e1c y\u1ebfu t\u1ed1 \u201cdrama\u201d thu h\u00fat kh\u00e1n gi\u1ea3. Trong nh\u1eefng n\u0103m g\u1ea7n \u0111\u00e2y, \u0111i\u1ec7n \u1ea3nh Vi\u1ec7t ph\u00e1t tri\u1ec3n m\u1ea1nh v\u1edbi nhi\u1ec1u phim chi\u1ebfu r\u1ea1p ch\u1ea5t l\u01b0\u1ee3ng, \u0111a d\u1ea1ng th\u1ec3 lo\u1ea1i: t\u00ecnh c\u1ea3m, h\u00e0i h\u01b0\u1edbc, kinh d\u1ecb, h\u00e0nh \u0111\u1ed9ng...\r\n\r\n\ud83d\udd39 \u0110\u1eb7c tr\u01b0ng: C\u1ea3m x\u00fac, g\u1ea7n g\u0169i, \u0111\u1eadm ch\u1ea5t Vi\u1ec7t, th\u01b0\u1eddng mang th\u00f4ng \u0111i\u1ec7p x\u00e3 h\u1ed9i.","status":1,"slug":"viet-nam"},"movie_genre":[{"id":2,"title":"Vi\u1ec5n T\u01b0\u1edfng","description":"Phim Vi\u1ec5n T\u01b0\u1edfng","status":1,"slug":"vien-tuong","pivot":{"movie_id":17,"genre_id":2}},{"id":3,"title":"H\u00e0i H\u01b0\u1edbc","description":"e","status":1,"slug":"hai-huoc","pivot":{"movie_id":17,"genre_id":3}}]},{"id":15,"title":"n\u00e0ng b\u1ea1ch tuy\u1ebft","sotap":10,"thoiluong":"124 ph\u00fat","slug":"nang-bach-tuyet","description":"t","status":1,"image":"mayps1356.jpg","category_id":1,"thuocphim":"phimbo","genre_id":3,"country_id":1,"phim_hot":1,"name_english":"the queen","resolution":0,"phude":0,"ngaytao":"2024-09-06 20:37:38","ngaycapnhat":"2024-09-12 23:03:59","year":"2000","tags":"t","topview":0,"season":"16","trailer":null,"episode_count":4,"category":{"id":1,"title":"Phim Chi\u1ebfu R\u1ea1p","description":"hay nh\u1ea5t trong ng\u00e0y","status":1,"slug":"phim-chieu-rap","position":0},"genre":{"id":3,"title":"H\u00e0i H\u01b0\u1edbc","description":"e","status":1,"slug":"hai-huoc"},"country":{"id":1,"title":"vi\u1ec7t nam","description":"\ud83c\udfac Phim Vi\u1ec7t Nam:\r\n\r\nPhim Vi\u1ec7t Nam th\u01b0\u1eddng t\u1eadp trung v\u00e0o \u0111\u1eddi s\u1ed1ng x\u00e3 h\u1ed9i, c\u00e1c m\u1ed1i quan h\u1ec7 gia \u0111\u00ecnh, t\u00ecnh y\u00eau v\u00e0 nh\u1eefng v\u1ea5n \u0111\u1ec1 nh\u00e2n v\u0103n. N\u1ed9i dung g\u1ea7n g\u0169i, ph\u1ea3n \u00e1nh hi\u1ec7n th\u1ef1c cu\u1ed9c s\u1ed1ng ng\u01b0\u1eddi Vi\u1ec7t \u2013 t\u1eeb n\u00f4ng th\u00f4n \u0111\u1ebfn \u0111\u00f4 th\u1ecb, t\u1eeb th\u1eddi chi\u1ebfn \u0111\u1ebfn hi\u1ec7n \u0111\u1ea1i. C\u00e1c b\u1ed9 phim ng\u00e0y c\u00e0ng \u0111\u01b0\u1ee3c \u0111\u1ea7u t\u01b0 v\u1ec1 m\u1eb7t h\u00ecnh \u1ea3nh, \u00e2m thanh, di\u1ec5n xu\u1ea5t, v\u00e0 \u0111\u1eb7c bi\u1ec7t ch\u00fa tr\u1ecdng \u0111\u1ebfn y\u1ebfu t\u1ed1 c\u1ea3m x\u00fac, d\u1ec5 khi\u1ebfn ng\u01b0\u1eddi xem \u0111\u1ed3ng c\u1ea3m.\r\n\r\nNgo\u00e0i ra, phim truy\u1ec1n h\u00ecnh d\u00e0i t\u1eadp Vi\u1ec7t Nam c\u0169ng th\u01b0\u1eddng khai th\u00e1c m\u00e2u thu\u1eabn gia \u0111\u00ecnh, x\u00e3 h\u1ed9i, c\u00f9ng c\u00e1c y\u1ebfu t\u1ed1 \u201cdrama\u201d thu h\u00fat kh\u00e1n gi\u1ea3. Trong nh\u1eefng n\u0103m g\u1ea7n \u0111\u00e2y, \u0111i\u1ec7n \u1ea3nh Vi\u1ec7t ph\u00e1t tri\u1ec3n m\u1ea1nh v\u1edbi nhi\u1ec1u phim chi\u1ebfu r\u1ea1p ch\u1ea5t l\u01b0\u1ee3ng, \u0111a d\u1ea1ng th\u1ec3 lo\u1ea1i: t\u00ecnh c\u1ea3m, h\u00e0i h\u01b0\u1edbc, kinh d\u1ecb, h\u00e0nh \u0111\u1ed9ng...\r\n\r\n\ud83d\udd39 \u0110\u1eb7c tr\u01b0ng: C\u1ea3m x\u00fac, g\u1ea7n g\u0169i, \u0111\u1eadm ch\u1ea5t Vi\u1ec7t, th\u01b0\u1eddng mang th\u00f4ng \u0111i\u1ec7p x\u00e3 h\u1ed9i.","status":1,"slug":"viet-nam"},"movie_genre":[{"id":2,"title":"Vi\u1ec5n T\u01b0\u1edfng","description":"Phim Vi\u1ec5n T\u01b0\u1edfng","status":1,"slug":"vien-tuong","pivot":{"movie_id":15,"genre_id":2}},{"id":3,"title":"H\u00e0i H\u01b0\u1edbc","description":"e","status":1,"slug":"hai-huoc","pivot":{"movie_id":15,"genre_id":3}}]},{"id":14,"title":"e","sotap":10,"thoiluong":null,"slug":"e","description":"e","status":1,"image":"sachngontinh1157.jpg","category_id":1,"thuocphim":"phimle","genre_id":4,"country_id":1,"phim_hot":1,"name_english":"e","resolution":1,"phude":1,"ngaytao":"2024-09-05 22:00:52","ngaycapnhat":"2024-09-13 11:36:12","year":"2017","tags":null,"topview":0,"season":"0","trailer":null,"episode_count":3,"category":{"id":1,"title":"Phim Chi\u1ebfu R\u1ea1p","description":"hay nh\u1ea5t trong ng\u00e0y","status":1,"slug":"phim-chieu-rap","position":0},"genre":{"id":4,"title":"H\u00e0nh \u0110\u1ed9ng","description":"r","status":1,"slug":"hanh-dong"},"country":{"id":1,"title":"vi\u1ec7t nam","description":"\ud83c\udfac Phim Vi\u1ec7t Nam:\r\n\r\nPhim Vi\u1ec7t Nam th\u01b0\u1eddng t\u1eadp trung v\u00e0o \u0111\u1eddi s\u1ed1ng x\u00e3 h\u1ed9i, c\u00e1c m\u1ed1i quan h\u1ec7 gia \u0111\u00ecnh, t\u00ecnh y\u00eau v\u00e0 nh\u1eefng v\u1ea5n \u0111\u1ec1 nh\u00e2n v\u0103n. N\u1ed9i dung g\u1ea7n g\u0169i, ph\u1ea3n \u00e1nh hi\u1ec7n th\u1ef1c cu\u1ed9c s\u1ed1ng ng\u01b0\u1eddi Vi\u1ec7t \u2013 t\u1eeb n\u00f4ng th\u00f4n \u0111\u1ebfn \u0111\u00f4 th\u1ecb, t\u1eeb th\u1eddi chi\u1ebfn \u0111\u1ebfn hi\u1ec7n \u0111\u1ea1i. C\u00e1c b\u1ed9 phim ng\u00e0y c\u00e0ng \u0111\u01b0\u1ee3c \u0111\u1ea7u t\u01b0 v\u1ec1 m\u1eb7t h\u00ecnh \u1ea3nh, \u00e2m thanh, di\u1ec5n xu\u1ea5t, v\u00e0 \u0111\u1eb7c bi\u1ec7t ch\u00fa tr\u1ecdng \u0111\u1ebfn y\u1ebfu t\u1ed1 c\u1ea3m x\u00fac, d\u1ec5 khi\u1ebfn ng\u01b0\u1eddi xem \u0111\u1ed3ng c\u1ea3m.\r\n\r\nNgo\u00e0i ra, phim truy\u1ec1n h\u00ecnh d\u00e0i t\u1eadp Vi\u1ec7t Nam c\u0169ng th\u01b0\u1eddng khai th\u00e1c m\u00e2u thu\u1eabn gia \u0111\u00ecnh, x\u00e3 h\u1ed9i, c\u00f9ng c\u00e1c y\u1ebfu t\u1ed1 \u201cdrama\u201d thu h\u00fat kh\u00e1n gi\u1ea3. Trong nh\u1eefng n\u0103m g\u1ea7n \u0111\u00e2y, \u0111i\u1ec7n \u1ea3nh Vi\u1ec7t ph\u00e1t tri\u1ec3n m\u1ea1nh v\u1edbi nhi\u1ec1u phim chi\u1ebfu r\u1ea1p ch\u1ea5t l\u01b0\u1ee3ng, \u0111a d\u1ea1ng th\u1ec3 lo\u1ea1i: t\u00ecnh c\u1ea3m, h\u00e0i h\u01b0\u1edbc, kinh d\u1ecb, h\u00e0nh \u0111\u1ed9ng...\r\n\r\n\ud83d\udd39 \u0110\u1eb7c tr\u01b0ng: C\u1ea3m x\u00fac, g\u1ea7n g\u0169i, \u0111\u1eadm ch\u1ea5t Vi\u1ec7t, th\u01b0\u1eddng mang th\u00f4ng \u0111i\u1ec7p x\u00e3 h\u1ed9i.","status":1,"slug":"viet-nam"},"movie_genre":[{"id":2,"title":"Vi\u1ec5n T\u01b0\u1edfng","description":"Phim Vi\u1ec5n T\u01b0\u1edfng","status":1,"slug":"vien-tuong","pivot":{"movie_id":14,"genre_id":2}},{"id":3,"title":"H\u00e0i H\u01b0\u1edbc","description":"e","status":1,"slug":"hai-huoc","pivot":{"movie_id":14,"genre_id":3}},{"id":4,"title":"H\u00e0nh \u0110\u1ed9ng","description":"r","status":1,"slug":"hanh-dong","pivot":{"movie_id":14,"genre_id":4}}]},{"id":12,"title":"r","sotap":1,"thoiluong":"","slug":"r","description":"e","status":1,"image":"slider14956.jpg","category_id":1,"thuocphim":"phimbo","genre_id":2,"country_id":1,"phim_hot":1,"name_english":"e","resolution":0,"phude":0,"ngaytao":null,"ngaycapnhat":"2024-09-05 22:03:20","year":"2000","tags":null,"topview":0,"season":"0","trailer":null,"episode_count":0,"category":{"id":1,"title":"Phim Chi\u1ebfu R\u1ea1p","description":"hay nh\u1ea5t trong ng\u00e0y","status":1,"slug":"phim-chieu-rap","position":0},"genre":{"id":2,"title":"Vi\u1ec5n T\u01b0\u1edfng","description":"Phim Vi\u1ec5n T\u01b0\u1edfng","status":1,"slug":"vien-tuong"},"country":{"id":1,"title":"vi\u1ec7t nam","description":"\ud83c\udfac Phim Vi\u1ec7t Nam:\r\n\r\nPhim Vi\u1ec7t Nam th\u01b0\u1eddng t\u1eadp trung v\u00e0o \u0111\u1eddi s\u1ed1ng x\u00e3 h\u1ed9i, c\u00e1c m\u1ed1i quan h\u1ec7 gia \u0111\u00ecnh, t\u00ecnh y\u00eau v\u00e0 nh\u1eefng v\u1ea5n \u0111\u1ec1 nh\u00e2n v\u0103n. N\u1ed9i dung g\u1ea7n g\u0169i, ph\u1ea3n \u00e1nh hi\u1ec7n th\u1ef1c cu\u1ed9c s\u1ed1ng ng\u01b0\u1eddi Vi\u1ec7t \u2013 t\u1eeb n\u00f4ng th\u00f4n \u0111\u1ebfn \u0111\u00f4 th\u1ecb, t\u1eeb th\u1eddi chi\u1ebfn \u0111\u1ebfn hi\u1ec7n \u0111\u1ea1i. C\u00e1c b\u1ed9 phim ng\u00e0y c\u00e0ng \u0111\u01b0\u1ee3c \u0111\u1ea7u t\u01b0 v\u1ec1 m\u1eb7t h\u00ecnh \u1ea3nh, \u00e2m thanh, di\u1ec5n xu\u1ea5t, v\u00e0 \u0111\u1eb7c bi\u1ec7t ch\u00fa tr\u1ecdng \u0111\u1ebfn y\u1ebfu t\u1ed1 c\u1ea3m x\u00fac, d\u1ec5 khi\u1ebfn ng\u01b0\u1eddi xem \u0111\u1ed3ng c\u1ea3m.\r\n\r\nNgo\u00e0i ra, phim truy\u1ec1n h\u00ecnh d\u00e0i t\u1eadp Vi\u1ec7t Nam c\u0169ng th\u01b0\u1eddng khai th\u00e1c m\u00e2u thu\u1eabn gia \u0111\u00ecnh, x\u00e3 h\u1ed9i, c\u00f9ng c\u00e1c y\u1ebfu t\u1ed1 \u201cdrama\u201d thu h\u00fat kh\u00e1n gi\u1ea3. Trong nh\u1eefng n\u0103m g\u1ea7n \u0111\u00e2y, \u0111i\u1ec7n \u1ea3nh Vi\u1ec7t ph\u00e1t tri\u1ec3n m\u1ea1nh v\u1edbi nhi\u1ec1u phim chi\u1ebfu r\u1ea1p ch\u1ea5t l\u01b0\u1ee3ng, \u0111a d\u1ea1ng th\u1ec3 lo\u1ea1i: t\u00ecnh c\u1ea3m, h\u00e0i h\u01b0\u1edbc, kinh d\u1ecb, h\u00e0nh \u0111\u1ed9ng...\r\n\r\n\ud83d\udd39 \u0110\u1eb7c tr\u01b0ng: C\u1ea3m x\u00fac, g\u1ea7n g\u0169i, \u0111\u1eadm ch\u1ea5t Vi\u1ec7t, th\u01b0\u1eddng mang th\u00f4ng \u0111i\u1ec7p x\u00e3 h\u1ed9i.","status":1,"slug":"viet-nam"},"movie_genre":[]},{"id":11,"title":"f","sotap":10,"thoiluong":"135 ph\u00fat","slug":"f","description":"d","status":1,"image":"banner30.gif","category_id":1,"thuocphim":"phimle","genre_id":3,"country_id":3,"phim_hot":1,"name_english":"4","resolution":5,"phude":1,"ngaytao":null,"ngaycapnhat":"2024-09-14 16:41:32","year":"2017","tags":null,"topview":0,"season":"5","trailer":"GBffX3jQ14M","episode_count":0,"category":{"id":1,"title":"Phim Chi\u1ebfu R\u1ea1p","description":"hay nh\u1ea5t trong ng\u00e0y","status":1,"slug":"phim-chieu-rap","position":0},"genre":{"id":3,"title":"H\u00e0i H\u01b0\u1edbc","description":"e","status":1,"slug":"hai-huoc"},"country":{"id":3,"title":"th\u00e1i lan","description":"\ud83c\udfac Phim Th\u00e1i Lan:\r\n\r\nPhim Th\u00e1i n\u1ed5i ti\u1ebfng b\u1edfi s\u1ef1 k\u1ecbch t\u00ednh cao, l\u1ed1i di\u1ec5n xu\u1ea5t m\u1ea1nh m\u1ebd, v\u00e0 phong c\u00e1ch k\u1ec3 chuy\u1ec7n cu\u1ed1n h\u00fat, \u0111\u1eb7c bi\u1ec7t trong c\u00e1c th\u1ec3 lo\u1ea1i nh\u01b0 t\u00ecnh c\u1ea3m \u2013 t\u00e2m l\u00fd, b\u00e1o th\u00f9, xuy\u00ean kh\u00f4ng, ma \u2013 kinh d\u1ecb. Ngo\u00e0i ra, c\u00e1c phim \u0111am m\u1ef9 (BL) Th\u00e1i Lan c\u0169ng r\u1ea5t n\u1ed5i ti\u1ebfng tr\u00ean to\u00e0n ch\u00e2u \u00c1 nh\u1edd d\u00e0n di\u1ec5n vi\u00ean \u0111\u1eb9p, n\u1ed9i dung m\u1edbi m\u1ebb v\u00e0 thu h\u00fat gi\u1edbi tr\u1ebb.\r\n\r\nPhim truy\u1ec1n h\u00ecnh Th\u00e1i Lan (lakorn) th\u01b0\u1eddng khai th\u00e1c m\u1ea1nh y\u1ebfu t\u1ed1 \u201cdrama\u201d: t\u00ecnh tay ba, h\u1eadn th\u00f9, \u00e2m m\u01b0u... nh\u01b0ng c\u0169ng c\u00f3 nh\u1eefng b\u1ed9 phim nh\u1eb9 nh\u00e0ng, l\u00e3ng m\u1ea1n v\u00e0 h\u00e0i h\u01b0\u1edbc. \u0110i\u1ec7n \u1ea3nh Th\u00e1i th\u00ec r\u1ea5t m\u1ea1nh \u1edf m\u1ea3ng kinh d\u1ecb v\u00e0 h\u00e0nh \u0111\u1ed9ng, v\u1edbi nhi\u1ec1u phim \u0111\u01b0\u1ee3c qu\u1ed1c t\u1ebf c\u00f4ng nh\u1eadn.\r\n\r\n\ud83d\udd39 \u0110\u1eb7c tr\u01b0ng: M\u1ea1nh v\u1ec1 c\u1ea3m x\u00fac, cu\u1ed1n h\u00fat, di\u1ec5n bi\u1ebfn nhanh, nhi\u1ec1u t\u00ecnh ti\u1ebft b\u1ea5t ng\u1edd v\u00e0 h\u1ea5p d\u1eabn.","status":1,"slug":"thai-lan"},"movie_genre":[{"id":2,"title":"Vi\u1ec5n T\u01b0\u1edfng","description":"Phim Vi\u1ec5n T\u01b0\u1edfng","status":1,"slug":"vien-tuong","pivot":{"movie_id":11,"genre_id":2}},{"id":3,"title":"H\u00e0i H\u01b0\u1edbc","description":"e","status":1,"slug":"hai-huoc","pivot":{"movie_id":11,"genre_id":3}}]},{"id":9,"title":"t\u00f4n ng\u1ed9 kh\u00f4ng \u0111\u1ea1i chi\u1ebfn","sotap":1,"thoiluong":"","slug":"ton-ngo-khong-dai-chien","description":"ok l\u1eafm","status":1,"image":"bookslider4370.jpg","category_id":1,"thuocphim":"phimle","genre_id":2,"country_id":1,"phim_hot":1,"name_english":"3","resolution":2,"phude":0,"ngaytao":null,"ngaycapnhat":null,"year":"2000","tags":"ng\u1ed9,t\u00f4n","topview":0,"season":"0","trailer":null,"episode_count":1,"category":{"id":1,"title":"Phim Chi\u1ebfu R\u1ea1p","description":"hay nh\u1ea5t trong ng\u00e0y","status":1,"slug":"phim-chieu-rap","position":0},"genre":{"id":2,"title":"Vi\u1ec5n T\u01b0\u1edfng","description":"Phim Vi\u1ec5n T\u01b0\u1edfng","status":1,"slug":"vien-tuong"},"country":{"id":1,"title":"vi\u1ec7t nam","description":"\ud83c\udfac Phim Vi\u1ec7t Nam:\r\n\r\nPhim Vi\u1ec7t Nam th\u01b0\u1eddng t\u1eadp trung v\u00e0o \u0111\u1eddi s\u1ed1ng x\u00e3 h\u1ed9i, c\u00e1c m\u1ed1i quan h\u1ec7 gia \u0111\u00ecnh, t\u00ecnh y\u00eau v\u00e0 nh\u1eefng v\u1ea5n \u0111\u1ec1 nh\u00e2n v\u0103n. N\u1ed9i dung g\u1ea7n g\u0169i, ph\u1ea3n \u00e1nh hi\u1ec7n th\u1ef1c cu\u1ed9c s\u1ed1ng ng\u01b0\u1eddi Vi\u1ec7t \u2013 t\u1eeb n\u00f4ng th\u00f4n \u0111\u1ebfn \u0111\u00f4 th\u1ecb, t\u1eeb th\u1eddi chi\u1ebfn \u0111\u1ebfn hi\u1ec7n \u0111\u1ea1i. C\u00e1c b\u1ed9 phim ng\u00e0y c\u00e0ng \u0111\u01b0\u1ee3c \u0111\u1ea7u t\u01b0 v\u1ec1 m\u1eb7t h\u00ecnh \u1ea3nh, \u00e2m thanh, di\u1ec5n xu\u1ea5t, v\u00e0 \u0111\u1eb7c bi\u1ec7t ch\u00fa tr\u1ecdng \u0111\u1ebfn y\u1ebfu t\u1ed1 c\u1ea3m x\u00fac, d\u1ec5 khi\u1ebfn ng\u01b0\u1eddi xem \u0111\u1ed3ng c\u1ea3m.\r\n\r\nNgo\u00e0i ra, phim truy\u1ec1n h\u00ecnh d\u00e0i t\u1eadp Vi\u1ec7t Nam c\u0169ng th\u01b0\u1eddng khai th\u00e1c m\u00e2u thu\u1eabn gia \u0111\u00ecnh, x\u00e3 h\u1ed9i, c\u00f9ng c\u00e1c y\u1ebfu t\u1ed1 \u201cdrama\u201d thu h\u00fat kh\u00e1n gi\u1ea3. Trong nh\u1eefng n\u0103m g\u1ea7n \u0111\u00e2y, \u0111i\u1ec7n \u1ea3nh Vi\u1ec7t ph\u00e1t tri\u1ec3n m\u1ea1nh v\u1edbi nhi\u1ec1u phim chi\u1ebfu r\u1ea1p ch\u1ea5t l\u01b0\u1ee3ng, \u0111a d\u1ea1ng th\u1ec3 lo\u1ea1i: t\u00ecnh c\u1ea3m, h\u00e0i h\u01b0\u1edbc, kinh d\u1ecb, h\u00e0nh \u0111\u1ed9ng...\r\n\r\n\ud83d\udd39 \u0110\u1eb7c tr\u01b0ng: C\u1ea3m x\u00fac, g\u1ea7n g\u0169i, \u0111\u1eadm ch\u1ea5t Vi\u1ec7t, th\u01b0\u1eddng mang th\u00f4ng \u0111i\u1ec7p x\u00e3 h\u1ed9i.","status":1,"slug":"viet-nam"},"movie_genre":[]},{"id":8,"title":"t\u00f4n ng\u1ed9 kh\u00f4ng \u0111\u1ea1i","sotap":1,"thoiluong":"125 ph\u00fat","slug":"ton-ngo-khong-dai","description":"ok l\u1eafm","status":1,"image":"slider18875.jpg","category_id":5,"thuocphim":"phimbo","genre_id":2,"country_id":1,"phim_hot":1,"name_english":"the eleven 2","resolution":5,"phude":1,"ngaytao":null,"ngaycapnhat":"2024-09-06 22:35:57","year":"2000","tags":"t\u00f4n,ng\u1ed9,kh\u00f4ng","topview":0,"season":"14","trailer":"mxTVPq1oBms","episode_count":0,"category":{"id":5,"title":"Phim M\u1edbi","description":"h\u1ea5p d\u1eabn","status":1,"slug":"phim-moi","position":1},"genre":{"id":2,"title":"Vi\u1ec5n T\u01b0\u1edfng","description":"Phim Vi\u1ec5n T\u01b0\u1edfng","status":1,"slug":"vien-tuong"},"country":{"id":1,"title":"vi\u1ec7t nam","description":"\ud83c\udfac Phim Vi\u1ec7t Nam:\r\n\r\nPhim Vi\u1ec7t Nam th\u01b0\u1eddng t\u1eadp trung v\u00e0o \u0111\u1eddi s\u1ed1ng x\u00e3 h\u1ed9i, c\u00e1c m\u1ed1i quan h\u1ec7 gia \u0111\u00ecnh, t\u00ecnh y\u00eau v\u00e0 nh\u1eefng v\u1ea5n \u0111\u1ec1 nh\u00e2n v\u0103n. N\u1ed9i dung g\u1ea7n g\u0169i, ph\u1ea3n \u00e1nh hi\u1ec7n th\u1ef1c cu\u1ed9c s\u1ed1ng ng\u01b0\u1eddi Vi\u1ec7t \u2013 t\u1eeb n\u00f4ng th\u00f4n \u0111\u1ebfn \u0111\u00f4 th\u1ecb, t\u1eeb th\u1eddi chi\u1ebfn \u0111\u1ebfn hi\u1ec7n \u0111\u1ea1i. C\u00e1c b\u1ed9 phim ng\u00e0y c\u00e0ng \u0111\u01b0\u1ee3c \u0111\u1ea7u t\u01b0 v\u1ec1 m\u1eb7t h\u00ecnh \u1ea3nh, \u00e2m thanh, di\u1ec5n xu\u1ea5t, v\u00e0 \u0111\u1eb7c bi\u1ec7t ch\u00fa tr\u1ecdng \u0111\u1ebfn y\u1ebfu t\u1ed1 c\u1ea3m x\u00fac, d\u1ec5 khi\u1ebfn ng\u01b0\u1eddi xem \u0111\u1ed3ng c\u1ea3m.\r\n\r\nNgo\u00e0i ra, phim truy\u1ec1n h\u00ecnh d\u00e0i t\u1eadp Vi\u1ec7t Nam c\u0169ng th\u01b0\u1eddng khai th\u00e1c m\u00e2u thu\u1eabn gia \u0111\u00ecnh, x\u00e3 h\u1ed9i, c\u00f9ng c\u00e1c y\u1ebfu t\u1ed1 \u201cdrama\u201d thu h\u00fat kh\u00e1n gi\u1ea3. Trong nh\u1eefng n\u0103m g\u1ea7n \u0111\u00e2y, \u0111i\u1ec7n \u1ea3nh Vi\u1ec7t ph\u00e1t tri\u1ec3n m\u1ea1nh v\u1edbi nhi\u1ec1u phim chi\u1ebfu r\u1ea1p ch\u1ea5t l\u01b0\u1ee3ng, \u0111a d\u1ea1ng th\u1ec3 lo\u1ea1i: t\u00ecnh c\u1ea3m, h\u00e0i h\u01b0\u1edbc, kinh d\u1ecb, h\u00e0nh \u0111\u1ed9ng...\r\n\r\n\ud83d\udd39 \u0110\u1eb7c tr\u01b0ng: C\u1ea3m x\u00fac, g\u1ea7n g\u0169i, \u0111\u1eadm ch\u1ea5t Vi\u1ec7t, th\u01b0\u1eddng mang th\u00f4ng \u0111i\u1ec7p x\u00e3 h\u1ed9i.","status":1,"slug":"viet-nam"},"movie_genre":[]},{"id":7,"title":"the pacific-film","sotap":1,"thoiluong":"35 ph\u00fat","slug":"the-pacific-film","description":"ok l\u1eafm","status":1,"image":"6161.jpg","category_id":1,"thuocphim":"phimle","genre_id":3,"country_id":3,"phim_hot":1,"name_english":"the eleven 1","resolution":2,"phude":0,"ngaytao":null,"ngaycapnhat":"2024-09-08 12:06:19","year":"2000","tags":"e","topview":0,"season":"13","trailer":"d0OhjguDpHc","episode_count":0,"category":{"id":1,"title":"Phim Chi\u1ebfu R\u1ea1p","description":"hay nh\u1ea5t trong ng\u00e0y","status":1,"slug":"phim-chieu-rap","position":0},"genre":{"id":3,"title":"H\u00e0i H\u01b0\u1edbc","description":"e","status":1,"slug":"hai-huoc"},"country":{"id":3,"title":"th\u00e1i lan","description":"\ud83c\udfac Phim Th\u00e1i Lan:\r\n\r\nPhim Th\u00e1i n\u1ed5i ti\u1ebfng b\u1edfi s\u1ef1 k\u1ecbch t\u00ednh cao, l\u1ed1i di\u1ec5n xu\u1ea5t m\u1ea1nh m\u1ebd, v\u00e0 phong c\u00e1ch k\u1ec3 chuy\u1ec7n cu\u1ed1n h\u00fat, \u0111\u1eb7c bi\u1ec7t trong c\u00e1c th\u1ec3 lo\u1ea1i nh\u01b0 t\u00ecnh c\u1ea3m \u2013 t\u00e2m l\u00fd, b\u00e1o th\u00f9, xuy\u00ean kh\u00f4ng, ma \u2013 kinh d\u1ecb. Ngo\u00e0i ra, c\u00e1c phim \u0111am m\u1ef9 (BL) Th\u00e1i Lan c\u0169ng r\u1ea5t n\u1ed5i ti\u1ebfng tr\u00ean to\u00e0n ch\u00e2u \u00c1 nh\u1edd d\u00e0n di\u1ec5n vi\u00ean \u0111\u1eb9p, n\u1ed9i dung m\u1edbi m\u1ebb v\u00e0 thu h\u00fat gi\u1edbi tr\u1ebb.\r\n\r\nPhim truy\u1ec1n h\u00ecnh Th\u00e1i Lan (lakorn) th\u01b0\u1eddng khai th\u00e1c m\u1ea1nh y\u1ebfu t\u1ed1 \u201cdrama\u201d: t\u00ecnh tay ba, h\u1eadn th\u00f9, \u00e2m m\u01b0u... nh\u01b0ng c\u0169ng c\u00f3 nh\u1eefng b\u1ed9 phim nh\u1eb9 nh\u00e0ng, l\u00e3ng m\u1ea1n v\u00e0 h\u00e0i h\u01b0\u1edbc. \u0110i\u1ec7n \u1ea3nh Th\u00e1i th\u00ec r\u1ea5t m\u1ea1nh \u1edf m\u1ea3ng kinh d\u1ecb v\u00e0 h\u00e0nh \u0111\u1ed9ng, v\u1edbi nhi\u1ec1u phim \u0111\u01b0\u1ee3c qu\u1ed1c t\u1ebf c\u00f4ng nh\u1eadn.\r\n\r\n\ud83d\udd39 \u0110\u1eb7c tr\u01b0ng: M\u1ea1nh v\u1ec1 c\u1ea3m x\u00fac, cu\u1ed1n h\u00fat, di\u1ec5n bi\u1ebfn nhanh, nhi\u1ec1u t\u00ecnh ti\u1ebft b\u1ea5t ng\u1edd v\u00e0 h\u1ea5p d\u1eabn.","status":1,"slug":"thai-lan"},"movie_genre":[{"id":3,"title":"H\u00e0i H\u01b0\u1edbc","description":"e","status":1,"slug":"hai-huoc","pivot":{"movie_id":7,"genre_id":3}},{"id":2,"title":"Vi\u1ec5n T\u01b0\u1edfng","description":"Phim Vi\u1ec5n T\u01b0\u1edfng","status":1,"slug":"vien-tuong","pivot":{"movie_id":7,"genre_id":2}}]},{"id":6,"title":"Ti\u1ec3u thuy\u1ebft c\u1ef1c hay","sotap":10,"thoiluong":"135 ph\u00fat","slug":"tieu-thuyet-cuc-hay","description":"ti\u1ec3u thuy\u1ebft c\u1ef1c hay nh\u1ea5t m\u1ecdi th\u1eddi \u0111\u1ea1i","status":1,"image":"Tay-c\u1ea7m-PS4-Slim-Ch\u00ednh-H\u00e3ng-M\u00e0u-Tr\u1eafng-Dualshock-4-white-GameStation8919.jpg","category_id":1,"thuocphim":"phimle","genre_id":2,"country_id":3,"phim_hot":1,"name_english":"the eleven","resolution":3,"phude":0,"ngaytao":null,"ngaycapnhat":"2024-09-12 22:59:09","year":"2001","tags":"t\u00f4n","topview":2,"season":"2","trailer":null,"episode_count":2,"category":{"id":1,"title":"Phim Chi\u1ebfu R\u1ea1p","description":"hay nh\u1ea5t trong ng\u00e0y","status":1,"slug":"phim-chieu-rap","position":0},"genre":{"id":2,"title":"Vi\u1ec5n T\u01b0\u1edfng","description":"Phim Vi\u1ec5n T\u01b0\u1edfng","status":1,"slug":"vien-tuong"},"country":{"id":3,"title":"th\u00e1i lan","description":"\ud83c\udfac Phim Th\u00e1i Lan:\r\n\r\nPhim Th\u00e1i n\u1ed5i ti\u1ebfng b\u1edfi s\u1ef1 k\u1ecbch t\u00ednh cao, l\u1ed1i di\u1ec5n xu\u1ea5t m\u1ea1nh m\u1ebd, v\u00e0 phong c\u00e1ch k\u1ec3 chuy\u1ec7n cu\u1ed1n h\u00fat, \u0111\u1eb7c bi\u1ec7t trong c\u00e1c th\u1ec3 lo\u1ea1i nh\u01b0 t\u00ecnh c\u1ea3m \u2013 t\u00e2m l\u00fd, b\u00e1o th\u00f9, xuy\u00ean kh\u00f4ng, ma \u2013 kinh d\u1ecb. Ngo\u00e0i ra, c\u00e1c phim \u0111am m\u1ef9 (BL) Th\u00e1i Lan c\u0169ng r\u1ea5t n\u1ed5i ti\u1ebfng tr\u00ean to\u00e0n ch\u00e2u \u00c1 nh\u1edd d\u00e0n di\u1ec5n vi\u00ean \u0111\u1eb9p, n\u1ed9i dung m\u1edbi m\u1ebb v\u00e0 thu h\u00fat gi\u1edbi tr\u1ebb.\r\n\r\nPhim truy\u1ec1n h\u00ecnh Th\u00e1i Lan (lakorn) th\u01b0\u1eddng khai th\u00e1c m\u1ea1nh y\u1ebfu t\u1ed1 \u201cdrama\u201d: t\u00ecnh tay ba, h\u1eadn th\u00f9, \u00e2m m\u01b0u... nh\u01b0ng c\u0169ng c\u00f3 nh\u1eefng b\u1ed9 phim nh\u1eb9 nh\u00e0ng, l\u00e3ng m\u1ea1n v\u00e0 h\u00e0i h\u01b0\u1edbc. \u0110i\u1ec7n \u1ea3nh Th\u00e1i th\u00ec r\u1ea5t m\u1ea1nh \u1edf m\u1ea3ng kinh d\u1ecb v\u00e0 h\u00e0nh \u0111\u1ed9ng, v\u1edbi nhi\u1ec1u phim \u0111\u01b0\u1ee3c qu\u1ed1c t\u1ebf c\u00f4ng nh\u1eadn.\r\n\r\n\ud83d\udd39 \u0110\u1eb7c tr\u01b0ng: M\u1ea1nh v\u1ec1 c\u1ea3m x\u00fac, cu\u1ed1n h\u00fat, di\u1ec5n bi\u1ebfn nhanh, nhi\u1ec1u t\u00ecnh ti\u1ebft b\u1ea5t ng\u1edd v\u00e0 h\u1ea5p d\u1eabn.","status":1,"slug":"thai-lan"},"movie_genre":[{"id":2,"title":"Vi\u1ec5n T\u01b0\u1edfng","description":"Phim Vi\u1ec5n T\u01b0\u1edfng","status":1,"slug":"vien-tuong","pivot":{"movie_id":6,"genre_id":2}}]},{"id":4,"title":"t\u00f4n ng\u1ed9 kh\u00f4ng \u0111\u1ea1i chi\u1ebfn b\u1ea1ch c\u1ed1t tinh","sotap":6,"thoiluong":"135 ph\u00fat","slug":"ton-ngo-khong-dai-chien-bach-cot-tinh","description":"ok l\u1eafm","status":1,"image":"bookslider4348.jpg","category_id":5,"thuocphim":"phimbo","genre_id":6,"country_id":1,"phim_hot":1,"name_english":"the eleven 5","resolution":2,"phude":1,"ngaytao":null,"ngaycapnhat":"2024-09-14 06:15:59","year":"2011","tags":"taon, okedeldp,\u0111ekeo,t\u00f4n,ng\u1ed9","topview":0,"season":"2","trailer":"d0OhjguDpHc","episode_count":6,"category":{"id":5,"title":"Phim M\u1edbi","description":"h\u1ea5p d\u1eabn","status":1,"slug":"phim-moi","position":1},"genre":{"id":6,"title":"T\u00e2m L\u00fd","description":"ok","status":1,"slug":"tam-ly"},"country":{"id":1,"title":"vi\u1ec7t nam","description":"\ud83c\udfac Phim Vi\u1ec7t Nam:\r\n\r\nPhim Vi\u1ec7t Nam th\u01b0\u1eddng t\u1eadp trung v\u00e0o \u0111\u1eddi s\u1ed1ng x\u00e3 h\u1ed9i, c\u00e1c m\u1ed1i quan h\u1ec7 gia \u0111\u00ecnh, t\u00ecnh y\u00eau v\u00e0 nh\u1eefng v\u1ea5n \u0111\u1ec1 nh\u00e2n v\u0103n. N\u1ed9i dung g\u1ea7n g\u0169i, ph\u1ea3n \u00e1nh hi\u1ec7n th\u1ef1c cu\u1ed9c s\u1ed1ng ng\u01b0\u1eddi Vi\u1ec7t \u2013 t\u1eeb n\u00f4ng th\u00f4n \u0111\u1ebfn \u0111\u00f4 th\u1ecb, t\u1eeb th\u1eddi chi\u1ebfn \u0111\u1ebfn hi\u1ec7n \u0111\u1ea1i. C\u00e1c b\u1ed9 phim ng\u00e0y c\u00e0ng \u0111\u01b0\u1ee3c \u0111\u1ea7u t\u01b0 v\u1ec1 m\u1eb7t h\u00ecnh \u1ea3nh, \u00e2m thanh, di\u1ec5n xu\u1ea5t, v\u00e0 \u0111\u1eb7c bi\u1ec7t ch\u00fa tr\u1ecdng \u0111\u1ebfn y\u1ebfu t\u1ed1 c\u1ea3m x\u00fac, d\u1ec5 khi\u1ebfn ng\u01b0\u1eddi xem \u0111\u1ed3ng c\u1ea3m.\r\n\r\nNgo\u00e0i ra, phim truy\u1ec1n h\u00ecnh d\u00e0i t\u1eadp Vi\u1ec7t Nam c\u0169ng th\u01b0\u1eddng khai th\u00e1c m\u00e2u thu\u1eabn gia \u0111\u00ecnh, x\u00e3 h\u1ed9i, c\u00f9ng c\u00e1c y\u1ebfu t\u1ed1 \u201cdrama\u201d thu h\u00fat kh\u00e1n gi\u1ea3. Trong nh\u1eefng n\u0103m g\u1ea7n \u0111\u00e2y, \u0111i\u1ec7n \u1ea3nh Vi\u1ec7t ph\u00e1t tri\u1ec3n m\u1ea1nh v\u1edbi nhi\u1ec1u phim chi\u1ebfu r\u1ea1p ch\u1ea5t l\u01b0\u1ee3ng, \u0111a d\u1ea1ng th\u1ec3 lo\u1ea1i: t\u00ecnh c\u1ea3m, h\u00e0i h\u01b0\u1edbc, kinh d\u1ecb, h\u00e0nh \u0111\u1ed9ng...\r\n\r\n\ud83d\udd39 \u0110\u1eb7c tr\u01b0ng: C\u1ea3m x\u00fac, g\u1ea7n g\u0169i, \u0111\u1eadm ch\u1ea5t Vi\u1ec7t, th\u01b0\u1eddng mang th\u00f4ng \u0111i\u1ec7p x\u00e3 h\u1ed9i.","status":1,"slug":"viet-nam"},"movie_genre":[{"id":2,"title":"Vi\u1ec5n T\u01b0\u1edfng","description":"Phim Vi\u1ec5n T\u01b0\u1edfng","status":1,"slug":"vien-tuong","pivot":{"movie_id":4,"genre_id":2}},{"id":3,"title":"H\u00e0i H\u01b0\u1edbc","description":"e","status":1,"slug":"hai-huoc","pivot":{"movie_id":4,"genre_id":3}},{"id":4,"title":"H\u00e0nh \u0110\u1ed9ng","description":"r","status":1,"slug":"hanh-dong","pivot":{"movie_id":4,"genre_id":4}},{"id":5,"title":"L\u00e3ng M\u1ea1n","description":"de","status":1,"slug":"lang-man","pivot":{"movie_id":4,"genre_id":5}},{"id":6,"title":"T\u00e2m L\u00fd","description":"ok","status":1,"slug":"tam-ly","pivot":{"movie_id":4,"genre_id":6}}]}]